1,zachariah,Vasile,727 Kropf Hill,Birmingham,AL,35290,205-438-7834
2,Siouxie,Uff,57 Spaight Alley,San Antonio,TX,78250,210-991-8188
3,Dotti,seefus,50 Rusk Terrace,Tulsa,OK,74149,9187880280
4,Ailyn,Stewart,26001 Schlimgen Center,Fort Lauderdale,FL,33315,954-713-3787
5,amaleta,whye,247 Green Trail,Philadelphia,PA,19136,2677030595
6,Garland,Hallede,283 Oak Valley Hill,Charleston,SC,29411,8436488995
7,Maryjane,Sunley,075 Division Parkway,New Haven,CT,6510,203-527-4219
8,Jennette,Toffolini,35765 Petterle Crossing,Newport Beach,CA,92662,7143937797
9,Thalia,Coots,3947 Bunting Hill,Green Bay,WI,54313,920-852-7649
10,Lexis,Betty,49 Clyde Gallagher Plaza,Des Moines,IA,50981,515-424-2722
11,Beale,Trase,0202 Pepper Wood Court,New Haven,CT,6510,203-573-8059
12,Andris,Slimming,863 Harbort Court,Miami,FL,33124,786-531-8768
13,Corenda,Tudge,86 Sloan Hill,Fredericksburg,VA,22405,540-706-6399
14,Rica,Davoren,3372 Dixon Way,Hamilton,OH,45020,937-343-3588
15,Elly,Eagleston,50382 Onsgard Pass,Flint,MI,48555,810-944-8233
16,Eran,Rhydderch,185 Summit Circle,New Haven,CT,6533,203-691-7407
17,Gerald,Askie,6451 4th Street,Washington,DC,20557,202-654-3688
18,Trish,Cockitt,586 Toban Plaza,West Palm Beach,FL,33411,954-789-1411
19,Kirsten,Jiggle,9540 Loftsgordon Circle,Pueblo,CO,81010,719-486-3454
20,Marleah,Skillern,3 Nevada Center,Buffalo,NY,14269,716-702-7270
