1,1,Complete,Mastercard,1111-2222-3333-4444
2,2,Incomplete,Visa,1111-2222-3333-4445
3,3,Incomplete,Mastercard,1111-2222-3333-4446
4,4,Incomplete,Visa,1111-2222-3333-4447
5,5,Complete,Visa,1111-2222-3333-4448
6,6,Complete,Mastercard,1111-2222-3333-4449
7,7,Complete,Visa,1111-2222-3333-4450
8,8,Complete,Mastercard,1111-2222-3333-4451
9,9,Incomplete,Mastercard,1111-2222-3333-4452
10,10,Incomplete,Mastercard,1111-2222-3333-4453
11,11,Incomplete,Visa,1111-2222-3333-4454
12,12,Incomplete,Mastercard,1111-2222-3333-4455
13,13,Complete,Mastercard,1111-2222-3333-4456
14,14,Complete,Visa,1111-2222-3333-4457
15,15,Complete,Visa,1111-2222-3333-4458
16,16,Incomplete,Mastercard,1111-2222-3333-4459
17,17,Complete,Mastercard,1111-2222-3333-4460
18,18,Incomplete,Visa,1111-2222-3333-4461
19,19,Complete,Mastercard,1111-2222-3333-4462
20,20,Complete,Visa,1111-2222-3333-4463
