1,4,Viviyan,Edginton,5/1/2006,Executive Chef,202-544-2385
2,1,Lusa,Goodey,1/7/2018,Executive Manager,512-555-0162
3,1,Charmine,Fonquernie,3/8/2013,Front Desk Receptionist,202-555-0132
4,3,Pammy,Boshere,6/27/2013,Hotel Clerk,512-555-0115
5,4,Eli,Bonicelli,4/8/2002,Front Desk Receptionist,202-555-0181
6,3,Naomi,Lamminam,6/26/2012,Hotel Clerk,512-555-0179
7,4,Vincents,Dingate,1/10/2014,Hotel Clerk,202-555-0114
8,4,Romola,Karchewski,1/1/2018,Restraunt Manager,512-555-0159
9,2,Vi,Catford,5/28/2001,Executive Chef,202-555-0110
10,4,Terence,Josefovic,4/20/2011,Front Desk Receptionist,512-555-0109
11,2,Debi,Grinley,1/21/2001,Hotel Clerk,202-555-0178
12,4,Alyosha,Pullen,6/19/2018,Front Desk Receptionist,512-555-0101
13,3,Clem,Macak,10/8/2015,Restraunt Manager,404-555-0146
14,4,Sheeree,Dowsey,6/29/2005,Executive Manager,617-555-0173
15,3,Augustina,Sustin,2/19/2015,Front Desk Receptionist,404-555-0161
16,1,Early,Ranns,8/13/2011,Restraunt Manager,617-555-0135
17,3,Marje,Wakelam,3/28/2016,Executive Manager,404-555-0167
18,4,Kermit,Branch,12/28/2019,Front Desk Receptionist,617-555-0118
19,2,Cheri,Abrahamian,6/9/2007,Executive Manager,404-555-0155
20,1,Demetrius,De Brett,3/19/2016,Sous Chef,617-545-1218
